{
  "HIGH": {
    "precision": 0.8928571428571429,
    "recall": 0.7575757575757576,
    "f1-score": 0.819672131147541,
    "support": 66.0
  },
  "LOW": {
    "precision": 0.8709677419354839,
    "recall": 0.7941176470588235,
    "f1-score": 0.8307692307692308,
    "support": 68.0
  },
  "MID": {
    "precision": 0.6341463414634146,
    "recall": 0.7878787878787878,
    "f1-score": 0.7027027027027027,
    "support": 66.0
  },
  "accuracy": 0.78,
  "macro avg": {
    "precision": 0.7993237420853472,
    "recall": 0.7798573975044564,
    "f1-score": 0.7843813548731582,
    "support": 200.0
  },
  "weighted avg": {
    "precision": 0.8000401820838485,
    "recall": 0.78,
    "f1-score": 0.7848452336321189,
    "support": 200.0
  }
}